path,true,pred,conf
data\cabinet_dataset\test\lc_bcabo\Grand_Ridge_Pre-K-8_Phase_2__Grand_Ridge_Pre-K-8_Phase_2_00008__ann0__cid16.png,lc_bcabo,lc_bcabo,0.9991005659103394
data\cabinet_dataset\test\lc_bcabo\Grand_Ridge_Pre-K-8_Phase_2__Grand_Ridge_Pre-K-8_Phase_2_00008__ann1__cid16.png,lc_bcabo,lc_bcabo,0.9991005659103394
data\cabinet_dataset\test\lc_bcabo\Grand_Ridge_Pre-K-8_Phase_2__Grand_Ridge_Pre-K-8_Phase_2_00008__ann2__cid16.png,lc_bcabo,lc_bcabo,0.9991005659103394
data\cabinet_dataset\test\lc_bcabo\Grand_Ridge_Pre-K-8_Phase_2__Grand_Ridge_Pre-K-8_Phase_2_00008__ann3__cid16.png,lc_bcabo,lc_bcabo,0.9984672665596008
data\cabinet_dataset\test\lc_bcabo\Grand_Ridge_Pre-K-8_Phase_2__Grand_Ridge_Pre-K-8_Phase_2_00008__ann4__cid16.png,lc_bcabo,lc_bcabo,0.9999797344207764
data\cabinet_dataset\test\lc_bcabo\Grand_Ridge_Pre-K-8_Phase_2__Grand_Ridge_Pre-K-8_Phase_2_00008__ann5__cid16.png,lc_bcabo,lc_bcabo,0.9985663294792175
data\cabinet_dataset\test\lc_bcabo\Grand_Ridge_Pre-K-8_Phase_2__Grand_Ridge_Pre-K-8_Phase_2_00008__ann6__cid16.png,lc_bcabo,lc_bcabo,0.9985306262969971
data\cabinet_dataset\test\lc_bcabo\Grand_Ridge_Pre-K-8_Phase_2__Grand_Ridge_Pre-K-8_Phase_2_00008__ann7__cid16.png,lc_bcabo,lc_bcabo,0.9985209107398987
data\cabinet_dataset\test\lc_bcabo\Grand_Ridge_Pre-K-8_Phase_2__Grand_Ridge_Pre-K-8_Phase_2_00008__ann8__cid16.png,lc_bcabo,lc_bcabo,0.9992443323135376
data\cabinet_dataset\test\lc_bcabo\Grand_Ridge_Pre-K-8_Phase_2__Grand_Ridge_Pre-K-8_Phase_2_00009__ann0__cid16.png,lc_bcabo,lc_bcabo,0.9974724650382996
data\cabinet_dataset\test\lc_bcabo\Grand_Ridge_Pre-K-8_Phase_2__Grand_Ridge_Pre-K-8_Phase_2_00009__ann1__cid16.png,lc_bcabo,lc_bcabo,0.9974724650382996
data\cabinet_dataset\test\lc_bcabo\Grand_Ridge_Pre-K-8_Phase_2__Grand_Ridge_Pre-K-8_Phase_2_00009__ann2__cid16.png,lc_bcabo,lc_bcabo,0.9866759181022644
data\cabinet_dataset\test\lc_bcabo\Grand_Ridge_Pre-K-8_Phase_2__Grand_Ridge_Pre-K-8_Phase_2_00009__ann3__cid16.png,lc_bcabo,lc_bcabo,0.9974724650382996
data\cabinet_dataset\test\lc_bcabo\Grand_Ridge_Pre-K-8_Phase_2__Grand_Ridge_Pre-K-8_Phase_2_00009__ann4__cid16.png,lc_bcabo,lc_bcabo,0.9996623992919922
data\cabinet_dataset\test\lc_bcabo\Grand_Ridge_Pre-K-8_Phase_2__Grand_Ridge_Pre-K-8_Phase_2_00009__ann5__cid16.png,lc_bcabo,lc_bcabo,0.9974724650382996
data\cabinet_dataset\test\lc_bcabo\Grand_Ridge_Pre-K-8_Phase_2__Grand_Ridge_Pre-K-8_Phase_2_00009__ann6__cid16.png,lc_bcabo,lc_bcabo,0.9979375600814819
data\cabinet_dataset\test\lc_bcabo\Grand_Ridge_Pre-K-8_Phase_2__Grand_Ridge_Pre-K-8_Phase_2_00009__ann7__cid16.png,lc_bcabo,lc_bcabo,0.9974724650382996
data\cabinet_dataset\test\lc_bcabo\Grand_Ridge_Pre-K-8_Phase_2__Grand_Ridge_Pre-K-8_Phase_2_00009__ann8__cid16.png,lc_bcabo,lc_bcabo,0.9700462818145752
data\cabinet_dataset\test\lc_bcabo\ID_221__ID_221_00000__ann0__cid16.png,lc_bcabo,lc_bcabo,0.999940037727356
data\cabinet_dataset\test\lc_bcabo\ID_221__ID_221_00000__ann10__cid16.png,lc_bcabo,lc_bcabo,0.9999977350234985
data\cabinet_dataset\test\lc_bcabo\ID_221__ID_221_00000__ann11__cid16.png,lc_bcabo,lc_bcabo,0.9999978542327881
data\cabinet_dataset\test\lc_bcabo\ID_221__ID_221_00000__ann12__cid16.png,lc_bcabo,lc_bcabo,0.9999978542327881
data\cabinet_dataset\test\lc_bcabo\ID_221__ID_221_00000__ann13__cid16.png,lc_bcabo,lc_bcabo,0.9999856948852539
data\cabinet_dataset\test\lc_bcabo\ID_221__ID_221_00000__ann14__cid16.png,lc_bcabo,lc_bcabo,0.9999628067016602
data\cabinet_dataset\test\lc_bcabo\ID_221__ID_221_00000__ann15__cid16.png,lc_bcabo,lc_bcabo,0.9999957084655762
data\cabinet_dataset\test\lc_bcabo\ID_221__ID_221_00000__ann16__cid16.png,lc_bcabo,lc_bcabo,0.9999970197677612
data\cabinet_dataset\test\lc_bcabo\ID_221__ID_221_00000__ann17__cid16.png,lc_bcabo,lc_bcabo,0.9999862909317017
data\cabinet_dataset\test\lc_bcabo\ID_221__ID_221_00000__ann18__cid16.png,lc_bcabo,lc_bcabo,0.9999955892562866
data\cabinet_dataset\test\lc_bcabo\ID_221__ID_221_00000__ann19__cid16.png,lc_bcabo,lc_bcabo,0.9999926090240479
data\cabinet_dataset\test\lc_bcabo\ID_221__ID_221_00000__ann1__cid16.png,lc_bcabo,lc_bcabo,0.9999955892562866
data\cabinet_dataset\test\lc_bcabo\ID_221__ID_221_00000__ann20__cid16.png,lc_bcabo,lc_bcabo,0.9999904632568359
data\cabinet_dataset\test\lc_bcabo\ID_221__ID_221_00000__ann21__cid16.png,lc_bcabo,lc_bcabo,0.9999974966049194
data\cabinet_dataset\test\lc_bcabo\ID_221__ID_221_00000__ann22__cid16.png,lc_bcabo,lc_bcabo,0.9999969005584717
data\cabinet_dataset\test\lc_bcabo\ID_221__ID_221_00000__ann2__cid16.png,lc_bcabo,lc_bcabo,0.9999990463256836
data\cabinet_dataset\test\lc_bcabo\ID_221__ID_221_00000__ann3__cid16.png,lc_bcabo,lc_bcabo,0.9999977350234985
data\cabinet_dataset\test\lc_bcabo\ID_221__ID_221_00000__ann4__cid16.png,lc_bcabo,lc_bcabo,0.9999990463256836
data\cabinet_dataset\test\lc_bcabo\ID_221__ID_221_00000__ann5__cid16.png,lc_bcabo,lc_bcabo,0.9999954700469971
data\cabinet_dataset\test\lc_bcabo\ID_221__ID_221_00000__ann6__cid16.png,lc_bcabo,lc_bcabo,0.9999973773956299
data\cabinet_dataset\test\lc_bcabo\ID_221__ID_221_00000__ann7__cid16.png,lc_bcabo,lc_bcabo,0.9999861717224121
data\cabinet_dataset\test\lc_bcabo\ID_221__ID_221_00000__ann8__cid16.png,lc_bcabo,lc_bcabo,0.9999909400939941
data\cabinet_dataset\test\lc_bcabo\ID_221__ID_221_00000__ann9__cid16.png,lc_bcabo,lc_bcabo,0.9999805688858032
data\cabinet_dataset\test\lc_bcabo\ID_227__ID_227_00003__ann0__cid16.png,lc_bcabo,lc_bcabo,0.999996542930603
data\cabinet_dataset\test\lc_bcabo\ID_227__ID_227_00003__ann10__cid16.png,lc_bcabo,lc_bcabo,0.9588953256607056
data\cabinet_dataset\test\lc_bcabo\ID_227__ID_227_00003__ann14__cid16.png,lc_bcabo,lc_bcabo,0.9999961853027344
data\cabinet_dataset\test\lc_bcabo\ID_227__ID_227_00003__ann15__cid16.png,lc_bcabo,lc_bcabo,0.9449479579925537
data\cabinet_dataset\test\lc_bcabo\ID_227__ID_227_00003__ann1__cid16.png,lc_bcabo,lc_bcabo,0.9901065230369568
data\cabinet_dataset\test\lc_bcabo\ID_227__ID_227_00003__ann2__cid16.png,lc_bcabo,lc_bcabo,0.9816609621047974
data\cabinet_dataset\test\lc_bcabo\ID_227__ID_227_00003__ann3__cid16.png,lc_bcabo,lc_bcabo,0.9997674822807312
data\cabinet_dataset\test\lc_bcabo\ID_227__ID_227_00003__ann4__cid16.png,lc_bcabo,lc_bcabo,0.9636326432228088
data\cabinet_dataset\test\lc_bcabo\ID_227__ID_227_00003__ann5__cid16.png,lc_bcabo,lc_bcabo,0.9998353719711304
data\cabinet_dataset\test\lc_bcabo\ID_227__ID_227_00003__ann6__cid16.png,lc_bcabo,lc_bcabo,0.9990569949150085
data\cabinet_dataset\test\lc_bcabo\ID_227__ID_227_00003__ann7__cid16.png,lc_bcabo,lc_bcabo,0.9998914003372192
data\cabinet_dataset\test\lc_bcabo\ID_227__ID_227_00003__ann8__cid16.png,lc_bcabo,lc_bcabo,0.9883396625518799
data\cabinet_dataset\test\lc_bcabo\ID_227__ID_227_00003__ann9__cid16.png,lc_bcabo,lc_bcabo,0.999992847442627
data\cabinet_dataset\test\lc_bcabo\M0695_Full_Set__M0695_Full_Set_00005__ann0__cid16.png,lc_bcabo,lc_bcabo,0.9595040678977966
data\cabinet_dataset\test\lc_bcabo\M0695_Full_Set__M0695_Full_Set_00005__ann10__cid16.png,lc_bcabo,lc_bcabo,0.9993079900741577
data\cabinet_dataset\test\lc_bcabo\M0695_Full_Set__M0695_Full_Set_00005__ann11__cid16.png,lc_bcabo,lc_bcabo,0.998390793800354
data\cabinet_dataset\test\lc_bcabo\M0695_Full_Set__M0695_Full_Set_00005__ann12__cid16.png,lc_bcabo,lc_bcabo,0.9959319233894348
data\cabinet_dataset\test\lc_bcabo\M0695_Full_Set__M0695_Full_Set_00005__ann13__cid16.png,lc_bcabo,lc_bcabo,0.999045193195343
data\cabinet_dataset\test\lc_bcabo\M0695_Full_Set__M0695_Full_Set_00005__ann14__cid16.png,lc_bcabo,lc_bcabo,0.9968397617340088
data\cabinet_dataset\test\lc_bcabo\M0695_Full_Set__M0695_Full_Set_00005__ann15__cid16.png,lc_bcabo,lc_bcabo,0.9990881681442261
data\cabinet_dataset\test\lc_bcabo\M0695_Full_Set__M0695_Full_Set_00005__ann16__cid16.png,lc_bcabo,lc_bcabo,0.9993951320648193
data\cabinet_dataset\test\lc_bcabo\M0695_Full_Set__M0695_Full_Set_00005__ann17__cid16.png,lc_bcabo,lc_bcabo,0.9981364011764526
data\cabinet_dataset\test\lc_bcabo\M0695_Full_Set__M0695_Full_Set_00005__ann18__cid16.png,lc_bcabo,lc_bcabo,0.9978368878364563
data\cabinet_dataset\test\lc_bcabo\M0695_Full_Set__M0695_Full_Set_00005__ann19__cid16.png,lc_bcabo,lc_bcabo,0.9978882670402527
data\cabinet_dataset\test\lc_bcabo\M0695_Full_Set__M0695_Full_Set_00005__ann1__cid16.png,lc_bcabo,lc_bcabo,0.9977174997329712
data\cabinet_dataset\test\lc_bcabo\M0695_Full_Set__M0695_Full_Set_00005__ann20__cid16.png,lc_bcabo,lc_bcabo,0.9994310736656189
data\cabinet_dataset\test\lc_bcabo\M0695_Full_Set__M0695_Full_Set_00005__ann21__cid16.png,lc_bcabo,lc_bcabo,0.9991408586502075
data\cabinet_dataset\test\lc_bcabo\M0695_Full_Set__M0695_Full_Set_00005__ann22__cid16.png,lc_bcabo,lc_bcabo,0.9989093542098999
data\cabinet_dataset\test\lc_bcabo\M0695_Full_Set__M0695_Full_Set_00005__ann23__cid16.png,lc_bcabo,lc_bcabo,0.9992548823356628
data\cabinet_dataset\test\lc_bcabo\M0695_Full_Set__M0695_Full_Set_00005__ann24__cid16.png,lc_bcabo,lc_bcabo,0.9978836178779602
data\cabinet_dataset\test\lc_bcabo\M0695_Full_Set__M0695_Full_Set_00005__ann25__cid16.png,lc_bcabo,lc_bcabo,0.9992387294769287
data\cabinet_dataset\test\lc_bcabo\M0695_Full_Set__M0695_Full_Set_00005__ann26__cid16.png,lc_bcabo,lc_bcabo,0.999251663684845
data\cabinet_dataset\test\lc_bcabo\M0695_Full_Set__M0695_Full_Set_00005__ann27__cid16.png,lc_bcabo,lc_bcabo,0.9994776844978333
data\cabinet_dataset\test\lc_bcabo\M0695_Full_Set__M0695_Full_Set_00005__ann28__cid16.png,lc_bcabo,lc_bcabo,0.7083083987236023
data\cabinet_dataset\test\lc_bcabo\M0695_Full_Set__M0695_Full_Set_00005__ann29__cid16.png,lc_bcabo,lc_bcabo,0.7511341571807861
data\cabinet_dataset\test\lc_bcabo\M0695_Full_Set__M0695_Full_Set_00005__ann2__cid16.png,lc_bcabo,lc_bcabo,0.8720300197601318
data\cabinet_dataset\test\lc_bcabo\M0695_Full_Set__M0695_Full_Set_00005__ann30__cid16.png,lc_bcabo,lc_bcabo,0.7504580616950989
data\cabinet_dataset\test\lc_bcabo\M0695_Full_Set__M0695_Full_Set_00005__ann31__cid16.png,lc_bcabo,lc_bcabo,0.9246125221252441
data\cabinet_dataset\test\lc_bcabo\M0695_Full_Set__M0695_Full_Set_00005__ann32__cid16.png,lc_bcabo,lc_bcabo,0.9647799134254456
data\cabinet_dataset\test\lc_bcabo\M0695_Full_Set__M0695_Full_Set_00005__ann33__cid16.png,lc_bcabo,lc_bcabo,0.999910831451416
data\cabinet_dataset\test\lc_bcabo\M0695_Full_Set__M0695_Full_Set_00005__ann34__cid16.png,lc_bcabo,lc_bcabo,0.9999537467956543
data\cabinet_dataset\test\lc_bcabo\M0695_Full_Set__M0695_Full_Set_00005__ann35__cid16.png,lc_bcabo,lc_bcabo,0.9994704127311707
data\cabinet_dataset\test\lc_bcabo\M0695_Full_Set__M0695_Full_Set_00005__ann36__cid16.png,lc_bcabo,lc_bcabo,0.9973239898681641
data\cabinet_dataset\test\lc_bcabo\M0695_Full_Set__M0695_Full_Set_00005__ann37__cid16.png,lc_bcabo,lc_bcabo,0.9999089241027832
data\cabinet_dataset\test\lc_bcabo\M0695_Full_Set__M0695_Full_Set_00005__ann38__cid16.png,lc_bcabo,lc_bcabo,0.9981131553649902
data\cabinet_dataset\test\lc_bcabo\M0695_Full_Set__M0695_Full_Set_00005__ann39__cid16.png,lc_bcabo,lc_bcabo,0.9993816614151001
data\cabinet_dataset\test\lc_bcabo\M0695_Full_Set__M0695_Full_Set_00005__ann3__cid16.png,lc_bcabo,lc_wcabo,0.9324522614479065
data\cabinet_dataset\test\lc_bcabo\M0695_Full_Set__M0695_Full_Set_00005__ann40__cid16.png,lc_bcabo,lc_bcabo,0.9997939467430115
data\cabinet_dataset\test\lc_bcabo\M0695_Full_Set__M0695_Full_Set_00005__ann41__cid16.png,lc_bcabo,lc_bcabo,0.9994596838951111
data\cabinet_dataset\test\lc_bcabo\M0695_Full_Set__M0695_Full_Set_00005__ann42__cid16.png,lc_bcabo,lc_bcabo,0.9986342787742615
data\cabinet_dataset\test\lc_bcabo\M0695_Full_Set__M0695_Full_Set_00005__ann43__cid16.png,lc_bcabo,lc_bcabo,0.9996623992919922
data\cabinet_dataset\test\lc_bcabo\M0695_Full_Set__M0695_Full_Set_00005__ann44__cid16.png,lc_bcabo,lc_bcabo,0.9991449117660522
data\cabinet_dataset\test\lc_bcabo\M0695_Full_Set__M0695_Full_Set_00005__ann45__cid16.png,lc_bcabo,lc_bcabo,0.9996066689491272
data\cabinet_dataset\test\lc_bcabo\M0695_Full_Set__M0695_Full_Set_00005__ann46__cid16.png,lc_bcabo,lc_bcabo,0.9992396831512451
data\cabinet_dataset\test\lc_bcabo\M0695_Full_Set__M0695_Full_Set_00005__ann47__cid16.png,lc_bcabo,lc_bcabo,0.9993529915809631
data\cabinet_dataset\test\lc_bcabo\M0695_Full_Set__M0695_Full_Set_00005__ann48__cid16.png,lc_bcabo,lc_bcabo,0.9998573064804077
data\cabinet_dataset\test\lc_bcabo\M0695_Full_Set__M0695_Full_Set_00005__ann49__cid16.png,lc_bcabo,lc_bcabo,0.9999222755432129
data\cabinet_dataset\test\lc_bcabo\M0695_Full_Set__M0695_Full_Set_00005__ann4__cid16.png,lc_bcabo,lc_bcabo,0.9935358762741089
data\cabinet_dataset\test\lc_bcabo\M0695_Full_Set__M0695_Full_Set_00005__ann50__cid16.png,lc_bcabo,lc_bcabo,0.9996175765991211
data\cabinet_dataset\test\lc_bcabo\M0695_Full_Set__M0695_Full_Set_00005__ann51__cid16.png,lc_bcabo,lc_bcabo,0.9994375109672546
data\cabinet_dataset\test\lc_bcabo\M0695_Full_Set__M0695_Full_Set_00005__ann52__cid16.png,lc_bcabo,lc_bcabo,0.9072408080101013
data\cabinet_dataset\test\lc_bcabo\M0695_Full_Set__M0695_Full_Set_00005__ann53__cid16.png,lc_bcabo,lc_bcabo,0.8108120560646057
data\cabinet_dataset\test\lc_bcabo\M0695_Full_Set__M0695_Full_Set_00005__ann54__cid16.png,lc_bcabo,lc_bcabo,0.8774248361587524
data\cabinet_dataset\test\lc_bcabo\M0695_Full_Set__M0695_Full_Set_00005__ann55__cid16.png,lc_bcabo,lc_bcabo,0.9052445292472839
data\cabinet_dataset\test\lc_bcabo\M0695_Full_Set__M0695_Full_Set_00005__ann56__cid16.png,lc_bcabo,lc_bcabo,0.4766217768192291
data\cabinet_dataset\test\lc_bcabo\M0695_Full_Set__M0695_Full_Set_00005__ann57__cid16.png,lc_bcabo,lc_bcabo,0.9026384353637695
data\cabinet_dataset\test\lc_bcabo\M0695_Full_Set__M0695_Full_Set_00005__ann58__cid16.png,lc_bcabo,lc_bcabo,0.9188153743743896
data\cabinet_dataset\test\lc_bcabo\M0695_Full_Set__M0695_Full_Set_00005__ann59__cid16.png,lc_bcabo,lc_bcabo,0.7227604389190674
data\cabinet_dataset\test\lc_bcabo\M0695_Full_Set__M0695_Full_Set_00005__ann5__cid16.png,lc_bcabo,lc_bcabo,0.9947846531867981
data\cabinet_dataset\test\lc_bcabo\M0695_Full_Set__M0695_Full_Set_00005__ann60__cid16.png,lc_bcabo,lc_bcabo,0.9073472023010254
data\cabinet_dataset\test\lc_bcabo\M0695_Full_Set__M0695_Full_Set_00005__ann61__cid16.png,lc_bcabo,lc_bcabo,0.9151481986045837
data\cabinet_dataset\test\lc_bcabo\M0695_Full_Set__M0695_Full_Set_00005__ann62__cid16.png,lc_bcabo,lc_bcabo,0.9017366170883179
data\cabinet_dataset\test\lc_bcabo\M0695_Full_Set__M0695_Full_Set_00005__ann63__cid16.png,lc_bcabo,lc_bcabo,0.6543221473693848
data\cabinet_dataset\test\lc_bcabo\M0695_Full_Set__M0695_Full_Set_00005__ann64__cid16.png,lc_bcabo,lc_bcabo,0.932395339012146
data\cabinet_dataset\test\lc_bcabo\M0695_Full_Set__M0695_Full_Set_00005__ann6__cid16.png,lc_bcabo,lc_bcabo,0.9889311194419861
data\cabinet_dataset\test\lc_bcabo\M0695_Full_Set__M0695_Full_Set_00005__ann7__cid16.png,lc_bcabo,lc_bcabo,0.9966075420379639
data\cabinet_dataset\test\lc_bcabo\M0695_Full_Set__M0695_Full_Set_00005__ann8__cid16.png,lc_bcabo,lc_bcabo,0.9911559820175171
data\cabinet_dataset\test\lc_bcabo\M0695_Full_Set__M0695_Full_Set_00005__ann9__cid16.png,lc_bcabo,lc_bcabo,0.9964644908905029
data\cabinet_dataset\test\lc_bcabo\M0968_ILT_BG_Ramirez_Estimating_Set__M0968_ILT_BG_Ramirez_Estimating_Set_00002__ann0__cid16.png,lc_bcabo,lc_bcabo,0.9959359169006348
data\cabinet_dataset\test\lc_bcabo\M0968_ILT_BG_Ramirez_Estimating_Set__M0968_ILT_BG_Ramirez_Estimating_Set_00002__ann10__cid16.png,lc_bcabo,lc_bcabo,0.999890923500061
data\cabinet_dataset\test\lc_bcabo\M0968_ILT_BG_Ramirez_Estimating_Set__M0968_ILT_BG_Ramirez_Estimating_Set_00002__ann11__cid16.png,lc_bcabo,lc_bcabo,0.99992835521698
data\cabinet_dataset\test\lc_bcabo\M0968_ILT_BG_Ramirez_Estimating_Set__M0968_ILT_BG_Ramirez_Estimating_Set_00002__ann12__cid16.png,lc_bcabo,lc_bcabo,0.9998143315315247
data\cabinet_dataset\test\lc_bcabo\M0968_ILT_BG_Ramirez_Estimating_Set__M0968_ILT_BG_Ramirez_Estimating_Set_00002__ann13__cid16.png,lc_bcabo,lc_bcabo,0.9998149275779724
data\cabinet_dataset\test\lc_bcabo\M0968_ILT_BG_Ramirez_Estimating_Set__M0968_ILT_BG_Ramirez_Estimating_Set_00002__ann14__cid16.png,lc_bcabo,lc_bcabo,0.9996867179870605
data\cabinet_dataset\test\lc_bcabo\M0968_ILT_BG_Ramirez_Estimating_Set__M0968_ILT_BG_Ramirez_Estimating_Set_00002__ann15__cid16.png,lc_bcabo,lc_bcabo,0.9997062087059021
data\cabinet_dataset\test\lc_bcabo\M0968_ILT_BG_Ramirez_Estimating_Set__M0968_ILT_BG_Ramirez_Estimating_Set_00002__ann16__cid16.png,lc_bcabo,lc_bcabo,0.9946633577346802
data\cabinet_dataset\test\lc_bcabo\M0968_ILT_BG_Ramirez_Estimating_Set__M0968_ILT_BG_Ramirez_Estimating_Set_00002__ann17__cid16.png,lc_bcabo,lc_bcabo,0.9999098777770996
data\cabinet_dataset\test\lc_bcabo\M0968_ILT_BG_Ramirez_Estimating_Set__M0968_ILT_BG_Ramirez_Estimating_Set_00002__ann18__cid16.png,lc_bcabo,lc_bcabo,0.9999086856842041
data\cabinet_dataset\test\lc_bcabo\M0968_ILT_BG_Ramirez_Estimating_Set__M0968_ILT_BG_Ramirez_Estimating_Set_00002__ann19__cid16.png,lc_bcabo,lc_bcabo,0.9998800754547119
data\cabinet_dataset\test\lc_bcabo\M0968_ILT_BG_Ramirez_Estimating_Set__M0968_ILT_BG_Ramirez_Estimating_Set_00002__ann1__cid16.png,lc_bcabo,lc_bcabo,0.9918900728225708
data\cabinet_dataset\test\lc_bcabo\M0968_ILT_BG_Ramirez_Estimating_Set__M0968_ILT_BG_Ramirez_Estimating_Set_00002__ann20__cid16.png,lc_bcabo,lc_bcabo,0.9998726844787598
data\cabinet_dataset\test\lc_bcabo\M0968_ILT_BG_Ramirez_Estimating_Set__M0968_ILT_BG_Ramirez_Estimating_Set_00002__ann21__cid16.png,lc_bcabo,lc_wcabo,0.8440578579902649
data\cabinet_dataset\test\lc_bcabo\M0968_ILT_BG_Ramirez_Estimating_Set__M0968_ILT_BG_Ramirez_Estimating_Set_00002__ann22__cid16.png,lc_bcabo,lc_bcabo,0.9999004602432251
data\cabinet_dataset\test\lc_bcabo\M0968_ILT_BG_Ramirez_Estimating_Set__M0968_ILT_BG_Ramirez_Estimating_Set_00002__ann23__cid16.png,lc_bcabo,lc_bcabo,0.999769389629364
data\cabinet_dataset\test\lc_bcabo\M0968_ILT_BG_Ramirez_Estimating_Set__M0968_ILT_BG_Ramirez_Estimating_Set_00002__ann24__cid16.png,lc_bcabo,lc_bcabo,0.9996962547302246
data\cabinet_dataset\test\lc_bcabo\M0968_ILT_BG_Ramirez_Estimating_Set__M0968_ILT_BG_Ramirez_Estimating_Set_00002__ann25__cid16.png,lc_bcabo,lc_bcabo,0.9993733763694763
data\cabinet_dataset\test\lc_bcabo\M0968_ILT_BG_Ramirez_Estimating_Set__M0968_ILT_BG_Ramirez_Estimating_Set_00002__ann26__cid16.png,lc_bcabo,lc_bcabo,0.9992687106132507
data\cabinet_dataset\test\lc_bcabo\M0968_ILT_BG_Ramirez_Estimating_Set__M0968_ILT_BG_Ramirez_Estimating_Set_00002__ann27__cid16.png,lc_bcabo,lc_bcabo,0.9997034668922424
data\cabinet_dataset\test\lc_bcabo\M0968_ILT_BG_Ramirez_Estimating_Set__M0968_ILT_BG_Ramirez_Estimating_Set_00002__ann28__cid16.png,lc_bcabo,lc_bcabo,0.9998698234558105
data\cabinet_dataset\test\lc_bcabo\M0968_ILT_BG_Ramirez_Estimating_Set__M0968_ILT_BG_Ramirez_Estimating_Set_00002__ann29__cid16.png,lc_bcabo,lc_bcabo,0.9999114274978638
data\cabinet_dataset\test\lc_bcabo\M0968_ILT_BG_Ramirez_Estimating_Set__M0968_ILT_BG_Ramirez_Estimating_Set_00002__ann2__cid16.png,lc_bcabo,lc_bcabo,0.9999397993087769
data\cabinet_dataset\test\lc_bcabo\M0968_ILT_BG_Ramirez_Estimating_Set__M0968_ILT_BG_Ramirez_Estimating_Set_00002__ann30__cid16.png,lc_bcabo,lc_bcabo,0.9999469518661499
data\cabinet_dataset\test\lc_bcabo\M0968_ILT_BG_Ramirez_Estimating_Set__M0968_ILT_BG_Ramirez_Estimating_Set_00002__ann31__cid16.png,lc_bcabo,lc_bcabo,0.9996963739395142
data\cabinet_dataset\test\lc_bcabo\M0968_ILT_BG_Ramirez_Estimating_Set__M0968_ILT_BG_Ramirez_Estimating_Set_00002__ann32__cid16.png,lc_bcabo,lc_bcabo,0.9948668479919434
data\cabinet_dataset\test\lc_bcabo\M0968_ILT_BG_Ramirez_Estimating_Set__M0968_ILT_BG_Ramirez_Estimating_Set_00002__ann33__cid16.png,lc_bcabo,lc_bcabo,0.9978466033935547
data\cabinet_dataset\test\lc_bcabo\M0968_ILT_BG_Ramirez_Estimating_Set__M0968_ILT_BG_Ramirez_Estimating_Set_00002__ann34__cid16.png,lc_bcabo,lc_bcabo,0.9958747029304504
data\cabinet_dataset\test\lc_bcabo\M0968_ILT_BG_Ramirez_Estimating_Set__M0968_ILT_BG_Ramirez_Estimating_Set_00002__ann35__cid16.png,lc_bcabo,lc_bcabo,0.9662502408027649
data\cabinet_dataset\test\lc_bcabo\M0968_ILT_BG_Ramirez_Estimating_Set__M0968_ILT_BG_Ramirez_Estimating_Set_00002__ann36__cid16.png,lc_bcabo,lc_bcabo,0.9993188381195068
data\cabinet_dataset\test\lc_bcabo\M0968_ILT_BG_Ramirez_Estimating_Set__M0968_ILT_BG_Ramirez_Estimating_Set_00002__ann37__cid16.png,lc_bcabo,lc_bcabo,0.9998194575309753
data\cabinet_dataset\test\lc_bcabo\M0968_ILT_BG_Ramirez_Estimating_Set__M0968_ILT_BG_Ramirez_Estimating_Set_00002__ann38__cid16.png,lc_bcabo,lc_bcabo,0.9998219609260559
data\cabinet_dataset\test\lc_bcabo\M0968_ILT_BG_Ramirez_Estimating_Set__M0968_ILT_BG_Ramirez_Estimating_Set_00002__ann39__cid16.png,lc_bcabo,lc_bcabo,0.9563050866127014
data\cabinet_dataset\test\lc_bcabo\M0968_ILT_BG_Ramirez_Estimating_Set__M0968_ILT_BG_Ramirez_Estimating_Set_00002__ann3__cid16.png,lc_bcabo,lc_bcabo,0.9999399185180664
data\cabinet_dataset\test\lc_bcabo\M0968_ILT_BG_Ramirez_Estimating_Set__M0968_ILT_BG_Ramirez_Estimating_Set_00002__ann40__cid16.png,lc_bcabo,lc_bcabo,0.9996812343597412
data\cabinet_dataset\test\lc_bcabo\M0968_ILT_BG_Ramirez_Estimating_Set__M0968_ILT_BG_Ramirez_Estimating_Set_00002__ann41__cid16.png,lc_bcabo,lc_bcabo,0.9759944677352905
data\cabinet_dataset\test\lc_bcabo\M0968_ILT_BG_Ramirez_Estimating_Set__M0968_ILT_BG_Ramirez_Estimating_Set_00002__ann42__cid16.png,lc_bcabo,lc_bcabo,0.9991644620895386
data\cabinet_dataset\test\lc_bcabo\M0968_ILT_BG_Ramirez_Estimating_Set__M0968_ILT_BG_Ramirez_Estimating_Set_00002__ann43__cid16.png,lc_bcabo,lc_bcabo,0.9998096823692322
data\cabinet_dataset\test\lc_bcabo\M0968_ILT_BG_Ramirez_Estimating_Set__M0968_ILT_BG_Ramirez_Estimating_Set_00002__ann44__cid16.png,lc_bcabo,lc_bcabo,0.9998058676719666
data\cabinet_dataset\test\lc_bcabo\M0968_ILT_BG_Ramirez_Estimating_Set__M0968_ILT_BG_Ramirez_Estimating_Set_00002__ann45__cid16.png,lc_bcabo,lc_bcabo,0.9996482133865356
data\cabinet_dataset\test\lc_bcabo\M0968_ILT_BG_Ramirez_Estimating_Set__M0968_ILT_BG_Ramirez_Estimating_Set_00002__ann46__cid16.png,lc_bcabo,lc_bcabo,0.9995966553688049
data\cabinet_dataset\test\lc_bcabo\M0968_ILT_BG_Ramirez_Estimating_Set__M0968_ILT_BG_Ramirez_Estimating_Set_00002__ann47__cid16.png,lc_bcabo,lc_bcabo,0.99982750415802
data\cabinet_dataset\test\lc_bcabo\M0968_ILT_BG_Ramirez_Estimating_Set__M0968_ILT_BG_Ramirez_Estimating_Set_00002__ann48__cid16.png,lc_bcabo,lc_bcabo,0.9984862804412842
data\cabinet_dataset\test\lc_bcabo\M0968_ILT_BG_Ramirez_Estimating_Set__M0968_ILT_BG_Ramirez_Estimating_Set_00002__ann49__cid16.png,lc_bcabo,lc_bcabo,0.9998531341552734
data\cabinet_dataset\test\lc_bcabo\M0968_ILT_BG_Ramirez_Estimating_Set__M0968_ILT_BG_Ramirez_Estimating_Set_00002__ann4__cid16.png,lc_bcabo,lc_bcabo,0.9999518394470215
data\cabinet_dataset\test\lc_bcabo\M0968_ILT_BG_Ramirez_Estimating_Set__M0968_ILT_BG_Ramirez_Estimating_Set_00002__ann50__cid16.png,lc_bcabo,lc_bcabo,0.9998531341552734
data\cabinet_dataset\test\lc_bcabo\M0968_ILT_BG_Ramirez_Estimating_Set__M0968_ILT_BG_Ramirez_Estimating_Set_00002__ann51__cid16.png,lc_bcabo,lc_bcabo,0.9998524188995361
data\cabinet_dataset\test\lc_bcabo\M0968_ILT_BG_Ramirez_Estimating_Set__M0968_ILT_BG_Ramirez_Estimating_Set_00002__ann52__cid16.png,lc_bcabo,lc_bcabo,0.9998892545700073
data\cabinet_dataset\test\lc_bcabo\M0968_ILT_BG_Ramirez_Estimating_Set__M0968_ILT_BG_Ramirez_Estimating_Set_00002__ann53__cid16.png,lc_bcabo,lc_bcabo,0.9995774626731873
data\cabinet_dataset\test\lc_bcabo\M0968_ILT_BG_Ramirez_Estimating_Set__M0968_ILT_BG_Ramirez_Estimating_Set_00002__ann54__cid16.png,lc_bcabo,lc_bcabo,0.9996777772903442
data\cabinet_dataset\test\lc_bcabo\M0968_ILT_BG_Ramirez_Estimating_Set__M0968_ILT_BG_Ramirez_Estimating_Set_00002__ann55__cid16.png,lc_bcabo,lc_bcabo,0.999542236328125
data\cabinet_dataset\test\lc_bcabo\M0968_ILT_BG_Ramirez_Estimating_Set__M0968_ILT_BG_Ramirez_Estimating_Set_00002__ann56__cid16.png,lc_bcabo,lc_bcabo,0.99991774559021
data\cabinet_dataset\test\lc_bcabo\M0968_ILT_BG_Ramirez_Estimating_Set__M0968_ILT_BG_Ramirez_Estimating_Set_00002__ann57__cid16.png,lc_bcabo,lc_bcabo,0.9999676942825317
data\cabinet_dataset\test\lc_bcabo\M0968_ILT_BG_Ramirez_Estimating_Set__M0968_ILT_BG_Ramirez_Estimating_Set_00002__ann58__cid16.png,lc_bcabo,lc_bcabo,0.999962568283081
data\cabinet_dataset\test\lc_bcabo\M0968_ILT_BG_Ramirez_Estimating_Set__M0968_ILT_BG_Ramirez_Estimating_Set_00002__ann59__cid16.png,lc_bcabo,lc_bcabo,0.9998830556869507
data\cabinet_dataset\test\lc_bcabo\M0968_ILT_BG_Ramirez_Estimating_Set__M0968_ILT_BG_Ramirez_Estimating_Set_00002__ann5__cid16.png,lc_bcabo,lc_bcabo,0.9999387264251709
data\cabinet_dataset\test\lc_bcabo\M0968_ILT_BG_Ramirez_Estimating_Set__M0968_ILT_BG_Ramirez_Estimating_Set_00002__ann60__cid16.png,lc_bcabo,lc_bcabo,0.9993544220924377
data\cabinet_dataset\test\lc_bcabo\M0968_ILT_BG_Ramirez_Estimating_Set__M0968_ILT_BG_Ramirez_Estimating_Set_00002__ann61__cid16.png,lc_bcabo,lc_wcabo,0.9999979734420776
data\cabinet_dataset\test\lc_bcabo\M0968_ILT_BG_Ramirez_Estimating_Set__M0968_ILT_BG_Ramirez_Estimating_Set_00002__ann62__cid16.png,lc_bcabo,lc_bcabo,0.9994304776191711
data\cabinet_dataset\test\lc_bcabo\M0968_ILT_BG_Ramirez_Estimating_Set__M0968_ILT_BG_Ramirez_Estimating_Set_00002__ann63__cid16.png,lc_bcabo,lc_bcabo,0.7600712180137634
data\cabinet_dataset\test\lc_bcabo\M0968_ILT_BG_Ramirez_Estimating_Set__M0968_ILT_BG_Ramirez_Estimating_Set_00002__ann64__cid16.png,lc_bcabo,lc_bcabo,0.9994702935218811
data\cabinet_dataset\test\lc_bcabo\M0968_ILT_BG_Ramirez_Estimating_Set__M0968_ILT_BG_Ramirez_Estimating_Set_00002__ann65__cid16.png,lc_bcabo,lc_bcabo,0.9997372031211853
data\cabinet_dataset\test\lc_bcabo\M0968_ILT_BG_Ramirez_Estimating_Set__M0968_ILT_BG_Ramirez_Estimating_Set_00002__ann66__cid16.png,lc_bcabo,lc_bcabo,0.9997400641441345
data\cabinet_dataset\test\lc_bcabo\M0968_ILT_BG_Ramirez_Estimating_Set__M0968_ILT_BG_Ramirez_Estimating_Set_00002__ann67__cid16.png,lc_bcabo,lc_bcabo,0.9997393488883972
data\cabinet_dataset\test\lc_bcabo\M0968_ILT_BG_Ramirez_Estimating_Set__M0968_ILT_BG_Ramirez_Estimating_Set_00002__ann68__cid16.png,lc_bcabo,lc_bcabo,0.9998462200164795
data\cabinet_dataset\test\lc_bcabo\M0968_ILT_BG_Ramirez_Estimating_Set__M0968_ILT_BG_Ramirez_Estimating_Set_00002__ann69__cid16.png,lc_bcabo,lc_bcabo,0.9990279674530029
data\cabinet_dataset\test\lc_bcabo\M0968_ILT_BG_Ramirez_Estimating_Set__M0968_ILT_BG_Ramirez_Estimating_Set_00002__ann6__cid16.png,lc_bcabo,lc_bcabo,0.999937891960144
data\cabinet_dataset\test\lc_bcabo\M0968_ILT_BG_Ramirez_Estimating_Set__M0968_ILT_BG_Ramirez_Estimating_Set_00002__ann70__cid16.png,lc_bcabo,lc_bcabo,0.9997597336769104
data\cabinet_dataset\test\lc_bcabo\M0968_ILT_BG_Ramirez_Estimating_Set__M0968_ILT_BG_Ramirez_Estimating_Set_00002__ann71__cid16.png,lc_bcabo,lc_bcabo,0.999930739402771
data\cabinet_dataset\test\lc_bcabo\M0968_ILT_BG_Ramirez_Estimating_Set__M0968_ILT_BG_Ramirez_Estimating_Set_00002__ann72__cid16.png,lc_bcabo,lc_bcabo,0.9999363422393799
data\cabinet_dataset\test\lc_bcabo\M0968_ILT_BG_Ramirez_Estimating_Set__M0968_ILT_BG_Ramirez_Estimating_Set_00002__ann73__cid16.png,lc_bcabo,lc_bcabo,0.9999388456344604
data\cabinet_dataset\test\lc_bcabo\M0968_ILT_BG_Ramirez_Estimating_Set__M0968_ILT_BG_Ramirez_Estimating_Set_00002__ann74__cid16.png,lc_bcabo,lc_bcabo,0.9999396800994873
data\cabinet_dataset\test\lc_bcabo\M0968_ILT_BG_Ramirez_Estimating_Set__M0968_ILT_BG_Ramirez_Estimating_Set_00002__ann75__cid16.png,lc_bcabo,lc_bcabo,0.9999380111694336
data\cabinet_dataset\test\lc_bcabo\M0968_ILT_BG_Ramirez_Estimating_Set__M0968_ILT_BG_Ramirez_Estimating_Set_00002__ann76__cid16.png,lc_bcabo,lc_bcabo,0.9990323781967163
data\cabinet_dataset\test\lc_bcabo\M0968_ILT_BG_Ramirez_Estimating_Set__M0968_ILT_BG_Ramirez_Estimating_Set_00002__ann77__cid16.png,lc_bcabo,lc_wcabo,0.999994158744812
data\cabinet_dataset\test\lc_bcabo\M0968_ILT_BG_Ramirez_Estimating_Set__M0968_ILT_BG_Ramirez_Estimating_Set_00002__ann78__cid16.png,lc_bcabo,lc_bcabo,0.9961066842079163
data\cabinet_dataset\test\lc_bcabo\M0968_ILT_BG_Ramirez_Estimating_Set__M0968_ILT_BG_Ramirez_Estimating_Set_00002__ann79__cid16.png,lc_bcabo,lc_bcabo,0.9998123049736023
data\cabinet_dataset\test\lc_bcabo\M0968_ILT_BG_Ramirez_Estimating_Set__M0968_ILT_BG_Ramirez_Estimating_Set_00002__ann7__cid16.png,lc_bcabo,lc_bcabo,0.9999402761459351
data\cabinet_dataset\test\lc_bcabo\M0968_ILT_BG_Ramirez_Estimating_Set__M0968_ILT_BG_Ramirez_Estimating_Set_00002__ann80__cid16.png,lc_bcabo,lc_bcabo,0.9997827410697937
data\cabinet_dataset\test\lc_bcabo\M0968_ILT_BG_Ramirez_Estimating_Set__M0968_ILT_BG_Ramirez_Estimating_Set_00002__ann81__cid16.png,lc_bcabo,lc_bcabo,0.9997456669807434
data\cabinet_dataset\test\lc_bcabo\M0968_ILT_BG_Ramirez_Estimating_Set__M0968_ILT_BG_Ramirez_Estimating_Set_00002__ann82__cid16.png,lc_bcabo,lc_bcabo,0.9997687935829163
data\cabinet_dataset\test\lc_bcabo\M0968_ILT_BG_Ramirez_Estimating_Set__M0968_ILT_BG_Ramirez_Estimating_Set_00002__ann83__cid16.png,lc_bcabo,lc_bcabo,0.9968575239181519
data\cabinet_dataset\test\lc_bcabo\M0968_ILT_BG_Ramirez_Estimating_Set__M0968_ILT_BG_Ramirez_Estimating_Set_00002__ann84__cid16.png,lc_bcabo,lc_bcabo,0.9976339340209961
data\cabinet_dataset\test\lc_bcabo\M0968_ILT_BG_Ramirez_Estimating_Set__M0968_ILT_BG_Ramirez_Estimating_Set_00002__ann85__cid16.png,lc_bcabo,lc_bcabocub,0.9711740612983704
data\cabinet_dataset\test\lc_bcabo\M0968_ILT_BG_Ramirez_Estimating_Set__M0968_ILT_BG_Ramirez_Estimating_Set_00002__ann86__cid16.png,lc_bcabo,lc_bcabocub,0.9140116572380066
data\cabinet_dataset\test\lc_bcabo\M0968_ILT_BG_Ramirez_Estimating_Set__M0968_ILT_BG_Ramirez_Estimating_Set_00002__ann87__cid16.png,lc_bcabo,lc_bcabocub,0.9242926836013794
data\cabinet_dataset\test\lc_bcabo\M0968_ILT_BG_Ramirez_Estimating_Set__M0968_ILT_BG_Ramirez_Estimating_Set_00002__ann88__cid16.png,lc_bcabo,lc_bcabocub,0.9299461245536804
data\cabinet_dataset\test\lc_bcabo\M0968_ILT_BG_Ramirez_Estimating_Set__M0968_ILT_BG_Ramirez_Estimating_Set_00002__ann8__cid16.png,lc_bcabo,lc_bcabo,0.9996212720870972
data\cabinet_dataset\test\lc_bcabo\M0968_ILT_BG_Ramirez_Estimating_Set__M0968_ILT_BG_Ramirez_Estimating_Set_00002__ann9__cid16.png,lc_bcabo,lc_bcabo,0.9811541438102722
data\cabinet_dataset\test\lc_bcabo\P0328_-_Purchase_Set__P0328_-_Purchase_Set_00007__ann0__cid16.png,lc_bcabo,lc_bcabo,0.999916672706604
data\cabinet_dataset\test\lc_bcabo\P0328_-_Purchase_Set__P0328_-_Purchase_Set_00007__ann1__cid16.png,lc_bcabo,lc_bcabo,0.9999659061431885
data\cabinet_dataset\test\lc_bcabo\P0328_-_Purchase_Set__P0328_-_Purchase_Set_00007__ann2__cid16.png,lc_bcabo,lc_bcabo,0.9999312162399292
data\cabinet_dataset\test\lc_bcabo\P0328_-_Purchase_Set__P0328_-_Purchase_Set_00007__ann3__cid16.png,lc_bcabo,lc_bcabo,0.821598470211029
data\cabinet_dataset\test\lc_bcabo\P0328_-_Purchase_Set__P0328_-_Purchase_Set_00007__ann4__cid16.png,lc_bcabo,lc_bcabo,0.6565244793891907
data\cabinet_dataset\test\lc_bcabo\P0328_-_Purchase_Set__P0328_-_Purchase_Set_00007__ann6__cid16.png,lc_bcabo,lc_bcabo,0.9999216794967651
data\cabinet_dataset\test\lc_bcabo\P0328_-_Purchase_Set__P0328_-_Purchase_Set_00007__ann7__cid16.png,lc_bcabo,lc_bcabo,0.9998679161071777
data\cabinet_dataset\test\lc_bcabo\P0328_-_Purchase_Set__P0328_-_Purchase_Set_00007__ann8__cid16.png,lc_bcabo,lc_bcabo,0.8764879107475281
data\cabinet_dataset\test\lc_bcabo\P0328_-_Purchase_Set__P0328_-_Purchase_Set_00007__ann9__cid16.png,lc_bcabo,lc_bcabo,0.8981336951255798
data\cabinet_dataset\test\lc_bcabo\Q0067_-_Three_Rivers_Community_Schools__Q0067_-_Three_Rivers_Community_Schools_00001__ann0__cid16.png,lc_bcabo,lc_bcabo,0.999990701675415
data\cabinet_dataset\test\lc_bcabo\Q0067_-_Three_Rivers_Community_Schools__Q0067_-_Three_Rivers_Community_Schools_00001__ann10__cid16.png,lc_bcabo,lc_bcabo,0.9999141693115234
data\cabinet_dataset\test\lc_bcabo\Q0067_-_Three_Rivers_Community_Schools__Q0067_-_Three_Rivers_Community_Schools_00001__ann1__cid16.png,lc_bcabo,lc_bcabo,0.999990701675415
data\cabinet_dataset\test\lc_bcabo\Q0067_-_Three_Rivers_Community_Schools__Q0067_-_Three_Rivers_Community_Schools_00001__ann2__cid16.png,lc_bcabo,lc_bcabo,0.9999938011169434
data\cabinet_dataset\test\lc_bcabo\Q0067_-_Three_Rivers_Community_Schools__Q0067_-_Three_Rivers_Community_Schools_00001__ann3__cid16.png,lc_bcabo,lc_bcabo,0.9999938011169434
data\cabinet_dataset\test\lc_bcabo\Q0067_-_Three_Rivers_Community_Schools__Q0067_-_Three_Rivers_Community_Schools_00001__ann4__cid16.png,lc_bcabo,lc_bcabo,0.9999960660934448
data\cabinet_dataset\test\lc_bcabo\Q0067_-_Three_Rivers_Community_Schools__Q0067_-_Three_Rivers_Community_Schools_00001__ann5__cid16.png,lc_bcabo,lc_bcabo,0.9999922513961792
data\cabinet_dataset\test\lc_bcabo\Q0067_-_Three_Rivers_Community_Schools__Q0067_-_Three_Rivers_Community_Schools_00001__ann6__cid16.png,lc_bcabo,lc_bcabo,0.9999922513961792
data\cabinet_dataset\test\lc_bcabo\Q0067_-_Three_Rivers_Community_Schools__Q0067_-_Three_Rivers_Community_Schools_00001__ann7__cid16.png,lc_bcabo,lc_bcabo,0.9999922513961792
data\cabinet_dataset\test\lc_bcabo\Q0067_-_Three_Rivers_Community_Schools__Q0067_-_Three_Rivers_Community_Schools_00001__ann8__cid16.png,lc_bcabo,lc_bcabo,0.9999805688858032
data\cabinet_dataset\test\lc_bcabo\Q0067_-_Three_Rivers_Community_Schools__Q0067_-_Three_Rivers_Community_Schools_00001__ann9__cid16.png,lc_bcabo,lc_bcabo,0.9999761581420898
data\cabinet_dataset\test\lc_bcabo\Q0194_-_Arch_Drawings__Q0194_-_Arch_Drawings_00013__ann0__cid16.png,lc_bcabo,lc_bcabo,0.9953141212463379
data\cabinet_dataset\test\lc_bcabo\Q0194_-_Arch_Drawings__Q0194_-_Arch_Drawings_00013__ann10__cid16.png,lc_bcabo,lc_bcabo,0.9999334812164307
data\cabinet_dataset\test\lc_bcabo\Q0194_-_Arch_Drawings__Q0194_-_Arch_Drawings_00013__ann11__cid16.png,lc_bcabo,lc_bcabo,0.9999915361404419
data\cabinet_dataset\test\lc_bcabo\Q0194_-_Arch_Drawings__Q0194_-_Arch_Drawings_00013__ann12__cid16.png,lc_bcabo,lc_bcabo,0.999984860420227
data\cabinet_dataset\test\lc_bcabo\Q0194_-_Arch_Drawings__Q0194_-_Arch_Drawings_00013__ann13__cid16.png,lc_bcabo,lc_bcabo,0.9999610185623169
data\cabinet_dataset\test\lc_bcabo\Q0194_-_Arch_Drawings__Q0194_-_Arch_Drawings_00013__ann14__cid16.png,lc_bcabo,lc_bcabo,0.9999819993972778
data\cabinet_dataset\test\lc_bcabo\Q0194_-_Arch_Drawings__Q0194_-_Arch_Drawings_00013__ann15__cid16.png,lc_bcabo,lc_bcabo,0.9999809265136719
data\cabinet_dataset\test\lc_bcabo\Q0194_-_Arch_Drawings__Q0194_-_Arch_Drawings_00013__ann16__cid16.png,lc_bcabo,lc_bcabo,0.9999945163726807
data\cabinet_dataset\test\lc_bcabo\Q0194_-_Arch_Drawings__Q0194_-_Arch_Drawings_00013__ann1__cid16.png,lc_bcabo,lc_bcabo,0.999852180480957
data\cabinet_dataset\test\lc_bcabo\Q0194_-_Arch_Drawings__Q0194_-_Arch_Drawings_00013__ann23__cid16.png,lc_bcabo,lc_bcabo,0.9999110698699951
data\cabinet_dataset\test\lc_bcabo\Q0194_-_Arch_Drawings__Q0194_-_Arch_Drawings_00013__ann24__cid16.png,lc_bcabo,lc_bcabo,0.999859094619751
data\cabinet_dataset\test\lc_bcabo\Q0194_-_Arch_Drawings__Q0194_-_Arch_Drawings_00013__ann25__cid16.png,lc_bcabo,lc_bcabo,0.9997748732566833
data\cabinet_dataset\test\lc_bcabo\Q0194_-_Arch_Drawings__Q0194_-_Arch_Drawings_00013__ann26__cid16.png,lc_bcabo,lc_bcabo,0.9998268485069275
data\cabinet_dataset\test\lc_bcabo\Q0194_-_Arch_Drawings__Q0194_-_Arch_Drawings_00013__ann27__cid16.png,lc_bcabo,lc_bcabo,0.9991405010223389
data\cabinet_dataset\test\lc_bcabo\Q0194_-_Arch_Drawings__Q0194_-_Arch_Drawings_00013__ann28__cid16.png,lc_bcabo,lc_bcabo,0.9998931884765625
data\cabinet_dataset\test\lc_bcabo\Q0194_-_Arch_Drawings__Q0194_-_Arch_Drawings_00013__ann29__cid16.png,lc_bcabo,lc_bcabo,0.9998297691345215
data\cabinet_dataset\test\lc_bcabo\Q0194_-_Arch_Drawings__Q0194_-_Arch_Drawings_00013__ann2__cid16.png,lc_bcabo,lc_bcabo,0.9995585083961487
data\cabinet_dataset\test\lc_bcabo\Q0194_-_Arch_Drawings__Q0194_-_Arch_Drawings_00013__ann30__cid16.png,lc_bcabo,lc_bcabo,0.9998156428337097
data\cabinet_dataset\test\lc_bcabo\Q0194_-_Arch_Drawings__Q0194_-_Arch_Drawings_00013__ann31__cid16.png,lc_bcabo,lc_bcabo,0.9999487400054932
data\cabinet_dataset\test\lc_bcabo\Q0194_-_Arch_Drawings__Q0194_-_Arch_Drawings_00013__ann32__cid16.png,lc_bcabo,lc_bcabo,0.9999487400054932
data\cabinet_dataset\test\lc_bcabo\Q0194_-_Arch_Drawings__Q0194_-_Arch_Drawings_00013__ann33__cid16.png,lc_bcabo,lc_bcabo,0.999832272529602
data\cabinet_dataset\test\lc_bcabo\Q0194_-_Arch_Drawings__Q0194_-_Arch_Drawings_00013__ann34__cid16.png,lc_bcabo,lc_bcabo,0.9999487400054932
data\cabinet_dataset\test\lc_bcabo\Q0194_-_Arch_Drawings__Q0194_-_Arch_Drawings_00013__ann35__cid16.png,lc_bcabo,lc_bcabo,0.9998335838317871
data\cabinet_dataset\test\lc_bcabo\Q0194_-_Arch_Drawings__Q0194_-_Arch_Drawings_00013__ann3__cid16.png,lc_bcabo,lc_bcabo,0.9999209642410278
data\cabinet_dataset\test\lc_bcabo\Q0194_-_Arch_Drawings__Q0194_-_Arch_Drawings_00013__ann42__cid16.png,lc_bcabo,lc_bcabo,0.9995631575584412
data\cabinet_dataset\test\lc_bcabo\Q0194_-_Arch_Drawings__Q0194_-_Arch_Drawings_00013__ann43__cid16.png,lc_bcabo,lc_bcabo,0.9996776580810547
data\cabinet_dataset\test\lc_bcabo\Q0194_-_Arch_Drawings__Q0194_-_Arch_Drawings_00013__ann44__cid16.png,lc_bcabo,lc_bcabo,0.9997665286064148
data\cabinet_dataset\test\lc_bcabo\Q0194_-_Arch_Drawings__Q0194_-_Arch_Drawings_00013__ann4__cid16.png,lc_bcabo,lc_bcabo,0.9989948868751526
data\cabinet_dataset\test\lc_bcabo\Q0194_-_Arch_Drawings__Q0194_-_Arch_Drawings_00013__ann5__cid16.png,lc_bcabo,lc_bcabo,0.9996035695075989
data\cabinet_dataset\test\lc_bcabo\Q0194_-_Arch_Drawings__Q0194_-_Arch_Drawings_00013__ann9__cid16.png,lc_bcabo,lc_bcabo,0.9999446868896484
data\cabinet_dataset\test\lc_bcabo\Q0422_Purchase_Set__Q0422_Purchase_Set_00001__ann11__cid16.png,lc_bcabo,lc_bcabo,0.9999994039535522
data\cabinet_dataset\test\lc_bcabo\Q0422_Purchase_Set__Q0422_Purchase_Set_00001__ann1__cid16.png,lc_bcabo,lc_bcabo,0.9998966455459595
data\cabinet_dataset\test\lc_bcabo\Q0422_Purchase_Set__Q0422_Purchase_Set_00001__ann2__cid16.png,lc_bcabo,lc_bcabo,0.9999711513519287
data\cabinet_dataset\test\lc_bcabo\Q0422_Purchase_Set__Q0422_Purchase_Set_00001__ann3__cid16.png,lc_bcabo,lc_bcabo,0.9999812841415405
data\cabinet_dataset\test\lc_bcabo\Q0422_Purchase_Set__Q0422_Purchase_Set_00001__ann4__cid16.png,lc_bcabo,lc_bcabo,0.9999711513519287
data\cabinet_dataset\test\lc_bcabo\Q0422_Purchase_Set__Q0422_Purchase_Set_00001__ann5__cid16.png,lc_bcabo,lc_bcabo,0.999980092048645
data\cabinet_dataset\test\lc_bcabo\Q0683_-_Set__Q0683_-_Set_00013__ann0__cid16.png,lc_bcabo,lc_bcabo,0.991336464881897
data\cabinet_dataset\test\lc_bcabo\Q0683_-_Set__Q0683_-_Set_00013__ann1__cid16.png,lc_bcabo,lc_bcabo,0.9989508390426636
data\cabinet_dataset\test\lc_bcabo\Q0683_-_Set__Q0683_-_Set_00013__ann2__cid16.png,lc_bcabo,lc_bcabo,0.9998884201049805
data\cabinet_dataset\test\lc_bcabo\Q0683_-_Set__Q0683_-_Set_00013__ann3__cid16.png,lc_bcabo,lc_bcabo,0.9998997449874878
data\cabinet_dataset\test\lc_bcabo\R0034_PURCHASE_SET__R0034_PURCHASE_SET_00001__ann0__cid16.png,lc_bcabo,lc_bcabo,0.9369921684265137
data\cabinet_dataset\test\lc_bcabo\R0034_PURCHASE_SET__R0034_PURCHASE_SET_00001__ann1__cid16.png,lc_bcabo,lc_bcabo,0.9151291251182556
data\cabinet_dataset\test\lc_bcabo\R0179__R0179_00002__ann0__cid16.png,lc_bcabo,lc_bcabo,0.9997738003730774
data\cabinet_dataset\test\lc_bcabo\R0179__R0179_00002__ann10__cid16.png,lc_bcabo,lc_bcabo,0.9998914003372192
data\cabinet_dataset\test\lc_bcabo\R0179__R0179_00002__ann1__cid16.png,lc_bcabo,lc_bcabo,0.9989194869995117
data\cabinet_dataset\test\lc_bcabo\R0179__R0179_00002__ann2__cid16.png,lc_bcabo,lc_bcabo,0.9997962117195129
data\cabinet_dataset\test\lc_bcabo\R0179__R0179_00002__ann3__cid16.png,lc_bcabo,lc_bcabo,0.9989368319511414
data\cabinet_dataset\test\lc_bcabo\R0179__R0179_00002__ann4__cid16.png,lc_bcabo,lc_bcabo,0.997461199760437
data\cabinet_dataset\test\lc_bcabo\R0179__R0179_00002__ann5__cid16.png,lc_bcabo,lc_bcabo,0.9998956918716431
data\cabinet_dataset\test\lc_bcabo\R0179__R0179_00002__ann6__cid16.png,lc_bcabo,lc_bcabo,0.999707043170929
data\cabinet_dataset\test\lc_bcabo\R0179__R0179_00002__ann7__cid16.png,lc_bcabo,lc_bcabo,0.9989354014396667
data\cabinet_dataset\test\lc_bcabo\R0179__R0179_00002__ann8__cid16.png,lc_bcabo,lc_bcabo,0.9998438358306885
data\cabinet_dataset\test\lc_bcabo\R0179__R0179_00002__ann9__cid16.png,lc_bcabo,lc_bcabo,0.9998897314071655
data\cabinet_dataset\test\lc_bcabo\R0179__R0179_00004__ann0__cid16.png,lc_bcabo,lc_bcabo,0.999998927116394
data\cabinet_dataset\test\lc_bcabo\R0179__R0179_00004__ann1__cid16.png,lc_bcabo,lc_bcabo,0.9998538494110107
data\cabinet_dataset\test\lc_bcabo\R0212_Purchase_set__R0212_Purchase_set_00001__ann0__cid16.png,lc_bcabo,lc_muscabinso,0.7152664661407471
data\cabinet_dataset\test\lc_bcabo\R0212_Purchase_set__R0212_Purchase_set_00001__ann1__cid16.png,lc_bcabo,lc_wcabo,0.6053880453109741
data\cabinet_dataset\test\lc_bcabo\R0212_Purchase_set__R0212_Purchase_set_00001__ann2__cid16.png,lc_bcabo,lc_muscabinso,0.39420488476753235
data\cabinet_dataset\test\lc_bcabo\R0213__R0213_00004__ann2__cid16.png,lc_bcabo,lc_wcabo,0.9999117851257324
data\cabinet_dataset\test\lc_bcabo\R0213__R0213_00004__ann3__cid16.png,lc_bcabo,lc_wcabo,0.9276469945907593
data\cabinet_dataset\test\lc_bcabo\R0213__R0213_00004__ann4__cid16.png,lc_bcabo,lc_bcabo,0.9999927282333374
data\cabinet_dataset\test\lc_bcabo\R0213__R0213_00004__ann5__cid16.png,lc_bcabo,lc_bcabo,0.99997878074646
data\cabinet_dataset\test\lc_bcabo\R0213__R0213_00004__ann6__cid16.png,lc_bcabo,lc_bcabo,0.9985764026641846
data\cabinet_dataset\test\lc_bcabo\R0213__R0213_00004__ann7__cid16.png,lc_bcabo,lc_bcabo,0.9999990463256836
data\cabinet_dataset\test\lc_bcabo\R0231_Purchase_Set__R0231_Purchase_Set_00001__ann0__cid16.png,lc_bcabo,lc_bcabo,0.999945878982544
data\cabinet_dataset\test\lc_bcabo\R0231_Purchase_Set__R0231_Purchase_Set_00003__ann0__cid16.png,lc_bcabo,lc_bcabo,0.9998533725738525
data\cabinet_dataset\test\lc_bcabo\R0231_Purchase_Set__R0231_Purchase_Set_00003__ann1__cid16.png,lc_bcabo,lc_bcabo,0.9999929666519165
data\cabinet_dataset\test\lc_bcabo\R0231_Purchase_Set__R0231_Purchase_Set_00003__ann2__cid16.png,lc_bcabo,lc_bcabo,0.999988317489624
data\cabinet_dataset\test\lc_bcabo\R0231_Purchase_Set__R0231_Purchase_Set_00003__ann3__cid16.png,lc_bcabo,lc_bcabo,0.9999563694000244
data\cabinet_dataset\test\lc_bcabo\R0261_Purchase_Set__R0261_Purchase_Set_00009__ann0__cid16.png,lc_bcabo,lc_bcabo,0.9999929666519165
data\cabinet_dataset\test\lc_bcabo\R0261_Purchase_Set__R0261_Purchase_Set_00009__ann1__cid16.png,lc_bcabo,lc_bcabo,0.9999998807907104
data\cabinet_dataset\test\lc_bcabo\R0261_Purchase_Set__R0261_Purchase_Set_00009__ann2__cid16.png,lc_bcabo,lc_bcabo,0.9999997615814209
data\cabinet_dataset\test\lc_bcabo\R0285_Purchase_Set__R0285_Purchase_Set_00003__ann0__cid16.png,lc_bcabo,lc_bcabo,0.9911794066429138
data\cabinet_dataset\test\lc_bcabo\R0404__R0404_00001__ann0__cid16.png,lc_bcabo,lc_wcabo,0.9998606443405151
data\cabinet_dataset\test\lc_bcabo\R0404__R0404_00001__ann2__cid16.png,lc_bcabo,lc_bcabo,0.7591853141784668
data\cabinet_dataset\test\lc_bcabocub\R0171_-_Purchase_Set__R0171_-_Purchase_Set_00005__ann0__cid17.png,lc_bcabocub,lc_bcabocub,0.9909233450889587
data\cabinet_dataset\test\lc_bcabocub\R0171_-_Purchase_Set__R0171_-_Purchase_Set_00005__ann1__cid17.png,lc_bcabocub,lc_bcabocub,0.9838424921035767
data\cabinet_dataset\test\lc_bcabocub\R0171_-_Purchase_Set__R0171_-_Purchase_Set_00005__ann2__cid17.png,lc_bcabocub,lc_bcabocub,0.7422918081283569
data\cabinet_dataset\test\lc_bcabocub\R0171_-_Purchase_Set__R0171_-_Purchase_Set_00005__ann3__cid17.png,lc_bcabocub,lc_bcabocub,0.9784971475601196
data\cabinet_dataset\test\lc_bcabocub\R0171_-_Purchase_Set__R0171_-_Purchase_Set_00005__ann4__cid17.png,lc_bcabocub,lc_wcabcub,0.6909826397895813
data\cabinet_dataset\test\lc_bcabocub\R0171_-_Purchase_Set__R0171_-_Purchase_Set_00005__ann5__cid17.png,lc_bcabocub,lc_bcabocub,0.972754955291748
data\cabinet_dataset\test\lc_muscabinso\Cullman_High_School__Cullman_High_School_00011__ann0__cid94.png,lc_muscabinso,lc_muscabinso,0.9997377991676331
data\cabinet_dataset\test\lc_muscabinso\Cullman_High_School__Cullman_High_School_00011__ann1__cid94.png,lc_muscabinso,lc_muscabinso,0.9999275207519531
data\cabinet_dataset\test\lc_muscabinso\Cullman_High_School__Cullman_High_School_00011__ann2__cid94.png,lc_muscabinso,lc_muscabinso,0.9997579455375671
data\cabinet_dataset\test\lc_muscabinso\Cullman_High_School__Cullman_High_School_00011__ann3__cid94.png,lc_muscabinso,lc_muscabinso,0.9665787220001221
data\cabinet_dataset\test\lc_muscabinso\Cullman_High_School__Cullman_High_School_00011__ann4__cid94.png,lc_muscabinso,lc_muscabinso,0.9999103546142578
data\cabinet_dataset\test\lc_muscabinso\P0328_-_Purchase_Set__P0328_-_Purchase_Set_00007__ann10__cid94.png,lc_muscabinso,lc_muscabinso,0.9997754693031311
data\cabinet_dataset\test\lc_muscabinso\P0328_-_Purchase_Set__P0328_-_Purchase_Set_00007__ann11__cid94.png,lc_muscabinso,lc_wcabo,0.7977073192596436
data\cabinet_dataset\test\lc_muscabinso\P0328_-_Purchase_Set__P0328_-_Purchase_Set_00007__ann12__cid94.png,lc_muscabinso,lc_muscabinso,0.8891096115112305
data\cabinet_dataset\test\lc_muscabinso\P0328_-_Purchase_Set__P0328_-_Purchase_Set_00007__ann13__cid94.png,lc_muscabinso,lc_muscabinso,0.8802894353866577
data\cabinet_dataset\test\lc_muscabinso\P0328_-_Purchase_Set__P0328_-_Purchase_Set_00007__ann14__cid94.png,lc_muscabinso,lc_muscabinso,0.9863030314445496
data\cabinet_dataset\test\lc_muscabinso\P0328_-_Purchase_Set__P0328_-_Purchase_Set_00007__ann15__cid94.png,lc_muscabinso,lc_muscabinso,0.9887996315956116
data\cabinet_dataset\test\lc_muscabinso\P0328_-_Purchase_Set__P0328_-_Purchase_Set_00007__ann16__cid94.png,lc_muscabinso,lc_muscabinso,0.9880286455154419
data\cabinet_dataset\test\lc_muscabinso\P0328_-_Purchase_Set__P0328_-_Purchase_Set_00007__ann17__cid94.png,lc_muscabinso,lc_muscabinso,0.9982794523239136
data\cabinet_dataset\test\lc_muscabinso\P0328_-_Purchase_Set__P0328_-_Purchase_Set_00007__ann5__cid94.png,lc_muscabinso,lc_muscabinso,0.8901222348213196
data\cabinet_dataset\test\lc_muscabinso\Q0194_-_Arch_Drawings__Q0194_-_Arch_Drawings_00015__ann0__cid94.png,lc_muscabinso,lc_bcabo,0.9981295466423035
data\cabinet_dataset\test\lc_muscabinso\R0039_Batey_ES_Estimating_Set__R0039_Batey_ES_Estimating_Set_00011__ann0__cid94.png,lc_muscabinso,lc_muscabinso,0.8849095702171326
data\cabinet_dataset\test\lc_muscabinso\R0039_Batey_ES_Estimating_Set__R0039_Batey_ES_Estimating_Set_00011__ann10__cid94.png,lc_muscabinso,lc_bcabo,0.49714717268943787
data\cabinet_dataset\test\lc_muscabinso\R0039_Batey_ES_Estimating_Set__R0039_Batey_ES_Estimating_Set_00011__ann11__cid94.png,lc_muscabinso,lc_bcabo,0.8142354488372803
data\cabinet_dataset\test\lc_muscabinso\R0039_Batey_ES_Estimating_Set__R0039_Batey_ES_Estimating_Set_00011__ann12__cid94.png,lc_muscabinso,lc_bcabo,0.9984203577041626
data\cabinet_dataset\test\lc_muscabinso\R0039_Batey_ES_Estimating_Set__R0039_Batey_ES_Estimating_Set_00011__ann1__cid94.png,lc_muscabinso,lc_muscabinso,0.8084423542022705
data\cabinet_dataset\test\lc_muscabinso\R0039_Batey_ES_Estimating_Set__R0039_Batey_ES_Estimating_Set_00011__ann2__cid94.png,lc_muscabinso,lc_muscabinso,0.8525945544242859
data\cabinet_dataset\test\lc_muscabinso\R0039_Batey_ES_Estimating_Set__R0039_Batey_ES_Estimating_Set_00011__ann3__cid94.png,lc_muscabinso,lc_muscabinso,0.7996761202812195
data\cabinet_dataset\test\lc_muscabinso\R0039_Batey_ES_Estimating_Set__R0039_Batey_ES_Estimating_Set_00011__ann4__cid94.png,lc_muscabinso,lc_muscabinso,0.9914990067481995
data\cabinet_dataset\test\lc_muscabinso\R0039_Batey_ES_Estimating_Set__R0039_Batey_ES_Estimating_Set_00011__ann5__cid94.png,lc_muscabinso,lc_muscabinso,0.9984707236289978
data\cabinet_dataset\test\lc_muscabinso\R0039_Batey_ES_Estimating_Set__R0039_Batey_ES_Estimating_Set_00011__ann6__cid94.png,lc_muscabinso,lc_muscabinso,0.9984707236289978
data\cabinet_dataset\test\lc_muscabinso\R0039_Batey_ES_Estimating_Set__R0039_Batey_ES_Estimating_Set_00011__ann7__cid94.png,lc_muscabinso,lc_wcabo,0.9481449127197266
data\cabinet_dataset\test\lc_muscabinso\R0039_Batey_ES_Estimating_Set__R0039_Batey_ES_Estimating_Set_00011__ann8__cid94.png,lc_muscabinso,lc_wcabo,0.789443850517273
data\cabinet_dataset\test\lc_muscabinso\R0039_Batey_ES_Estimating_Set__R0039_Batey_ES_Estimating_Set_00011__ann9__cid94.png,lc_muscabinso,lc_muscabinso,0.49510589241981506
data\cabinet_dataset\test\lc_muscabinso\R0235_-_Edgewood_Schools__R0235_-_Edgewood_Schools_00000__ann0__cid94.png,lc_muscabinso,lc_bcabo,0.931990385055542
data\cabinet_dataset\test\lc_muscabinso\R0235_-_Edgewood_Schools__R0235_-_Edgewood_Schools_00000__ann10__cid94.png,lc_muscabinso,lc_bcabo,0.9522524476051331
data\cabinet_dataset\test\lc_muscabinso\R0235_-_Edgewood_Schools__R0235_-_Edgewood_Schools_00000__ann11__cid94.png,lc_muscabinso,lc_bcabo,0.9522524476051331
data\cabinet_dataset\test\lc_muscabinso\R0235_-_Edgewood_Schools__R0235_-_Edgewood_Schools_00000__ann12__cid94.png,lc_muscabinso,lc_bcabo,0.9522524476051331
data\cabinet_dataset\test\lc_muscabinso\R0235_-_Edgewood_Schools__R0235_-_Edgewood_Schools_00000__ann13__cid94.png,lc_muscabinso,lc_bcabo,0.9522524476051331
data\cabinet_dataset\test\lc_muscabinso\R0235_-_Edgewood_Schools__R0235_-_Edgewood_Schools_00000__ann14__cid94.png,lc_muscabinso,lc_bcabo,0.9522524476051331
data\cabinet_dataset\test\lc_muscabinso\R0235_-_Edgewood_Schools__R0235_-_Edgewood_Schools_00000__ann15__cid94.png,lc_muscabinso,lc_bcabo,0.9522524476051331
data\cabinet_dataset\test\lc_muscabinso\R0235_-_Edgewood_Schools__R0235_-_Edgewood_Schools_00000__ann16__cid94.png,lc_muscabinso,lc_bcabo,0.9522524476051331
data\cabinet_dataset\test\lc_muscabinso\R0235_-_Edgewood_Schools__R0235_-_Edgewood_Schools_00000__ann17__cid94.png,lc_muscabinso,lc_bcabo,0.9522524476051331
data\cabinet_dataset\test\lc_muscabinso\R0235_-_Edgewood_Schools__R0235_-_Edgewood_Schools_00000__ann18__cid94.png,lc_muscabinso,lc_bcabo,0.7789899706840515
data\cabinet_dataset\test\lc_muscabinso\R0235_-_Edgewood_Schools__R0235_-_Edgewood_Schools_00000__ann1__cid94.png,lc_muscabinso,lc_bcabo,0.8956042528152466
data\cabinet_dataset\test\lc_muscabinso\R0235_-_Edgewood_Schools__R0235_-_Edgewood_Schools_00000__ann2__cid94.png,lc_muscabinso,lc_bcabo,0.9522524476051331
data\cabinet_dataset\test\lc_muscabinso\R0235_-_Edgewood_Schools__R0235_-_Edgewood_Schools_00000__ann3__cid94.png,lc_muscabinso,lc_bcabo,0.9522524476051331
data\cabinet_dataset\test\lc_muscabinso\R0235_-_Edgewood_Schools__R0235_-_Edgewood_Schools_00000__ann4__cid94.png,lc_muscabinso,lc_bcabo,0.9522524476051331
data\cabinet_dataset\test\lc_muscabinso\R0235_-_Edgewood_Schools__R0235_-_Edgewood_Schools_00000__ann5__cid94.png,lc_muscabinso,lc_bcabo,0.9522524476051331
data\cabinet_dataset\test\lc_muscabinso\R0235_-_Edgewood_Schools__R0235_-_Edgewood_Schools_00000__ann6__cid94.png,lc_muscabinso,lc_bcabo,0.9522524476051331
data\cabinet_dataset\test\lc_muscabinso\R0235_-_Edgewood_Schools__R0235_-_Edgewood_Schools_00000__ann7__cid94.png,lc_muscabinso,lc_bcabo,0.9522524476051331
data\cabinet_dataset\test\lc_muscabinso\R0235_-_Edgewood_Schools__R0235_-_Edgewood_Schools_00000__ann8__cid94.png,lc_muscabinso,lc_bcabo,0.9522524476051331
data\cabinet_dataset\test\lc_muscabinso\R0235_-_Edgewood_Schools__R0235_-_Edgewood_Schools_00000__ann9__cid94.png,lc_muscabinso,lc_bcabo,0.9522524476051331
data\cabinet_dataset\test\lc_muscabinso\R0263__R0263_00007__ann0__cid94.png,lc_muscabinso,lc_bcabo,0.9969884753227234
data\cabinet_dataset\test\lc_muscabinso\R0263__R0263_00007__ann1__cid94.png,lc_muscabinso,lc_bcabo,0.9891330599784851
data\cabinet_dataset\test\lc_muscabinso\R0263__R0263_00007__ann2__cid94.png,lc_muscabinso,lc_bcabo,0.8758073449134827
data\cabinet_dataset\test\lc_muscabinso\R0326_-_DFS_OCME_Lab__R0326_-_DFS_OCME_Lab_00005__ann0__cid94.png,lc_muscabinso,lc_muscabinso,0.9629631638526917
data\cabinet_dataset\test\lc_muscabinso\R0326_-_DFS_OCME_Lab__R0326_-_DFS_OCME_Lab_00005__ann1__cid94.png,lc_muscabinso,lc_muscabinso,0.9507333040237427
data\cabinet_dataset\test\lc_muscabinso\R0404__R0404_00001__ann1__cid94.png,lc_muscabinso,lc_muscabinso,0.9347379207611084
data\cabinet_dataset\test\lc_muscabinso\R0404__R0404_00001__ann3__cid94.png,lc_muscabinso,lc_muscabinso,0.8887914419174194
data\cabinet_dataset\test\lc_wcabcub\Q0422_Purchase_Set__Q0422_Purchase_Set_00001__ann14__cid38.png,lc_wcabcub,lc_wcabcub,0.8753607273101807
data\cabinet_dataset\test\lc_wcabcub\Q0422_Purchase_Set__Q0422_Purchase_Set_00001__ann15__cid38.png,lc_wcabcub,lc_wcabcub,0.9764214158058167
data\cabinet_dataset\test\lc_wcabcub\Q0422_Purchase_Set__Q0422_Purchase_Set_00001__ann16__cid38.png,lc_wcabcub,lc_wcabcub,0.8753607273101807
data\cabinet_dataset\test\lc_wcabcub\Q0422_Purchase_Set__Q0422_Purchase_Set_00001__ann17__cid38.png,lc_wcabcub,lc_wcabcub,0.9675352573394775
data\cabinet_dataset\test\lc_wcabcub\Q0422_Purchase_Set__Q0422_Purchase_Set_00001__ann18__cid38.png,lc_wcabcub,lc_wcabcub,0.8753607273101807
data\cabinet_dataset\test\lc_wcabcub\Q0422_Purchase_Set__Q0422_Purchase_Set_00001__ann19__cid38.png,lc_wcabcub,lc_wcabcub,0.9861853718757629
data\cabinet_dataset\test\lc_wcabcub\Q0422_Purchase_Set__Q0422_Purchase_Set_00001__ann20__cid38.png,lc_wcabcub,lc_wcabcub,0.9937090873718262
data\cabinet_dataset\test\lc_wcabcub\Q0422_Purchase_Set__Q0422_Purchase_Set_00001__ann21__cid38.png,lc_wcabcub,lc_wcabcub,0.9861853718757629
data\cabinet_dataset\test\lc_wcabcub\Q0422_Purchase_Set__Q0422_Purchase_Set_00001__ann22__cid38.png,lc_wcabcub,lc_wcabcub,0.9920939803123474
data\cabinet_dataset\test\lc_wcabcub\Q0422_Purchase_Set__Q0422_Purchase_Set_00001__ann23__cid38.png,lc_wcabcub,lc_wcabcub,0.9863057136535645
data\cabinet_dataset\test\lc_wcabcub\Q0616_Full_Set__Q0616_Full_Set_00005__ann0__cid38.png,lc_wcabcub,lc_wcabcub,0.9999997615814209
data\cabinet_dataset\test\lc_wcabcub\Q0616_Full_Set__Q0616_Full_Set_00005__ann1__cid38.png,lc_wcabcub,lc_wcabcub,1.0
data\cabinet_dataset\test\lc_wcabcub\Q0683_-_Set__Q0683_-_Set_00013__ann4__cid38.png,lc_wcabcub,lc_wcabcub,0.9999829530715942
data\cabinet_dataset\test\lc_wcabcub\Q0683_-_Set__Q0683_-_Set_00013__ann5__cid38.png,lc_wcabcub,lc_wcabcub,0.9999939203262329
data\cabinet_dataset\test\lc_wcabcub\Q0683_-_Set__Q0683_-_Set_00013__ann6__cid38.png,lc_wcabcub,lc_wcabcub,0.9999828338623047
data\cabinet_dataset\test\lc_wcabcub\R0404__R0404_00007__ann0__cid38.png,lc_wcabcub,lc_wcabcub,0.9995742440223694
data\cabinet_dataset\test\lc_wcabcub\R0404__R0404_00007__ann1__cid38.png,lc_wcabcub,lc_wcabcub,0.9963028430938721
data\cabinet_dataset\test\lc_wcabcub\R0404__R0404_00007__ann2__cid38.png,lc_wcabcub,lc_wcabcub,0.9995967745780945
data\cabinet_dataset\test\lc_wcabo\ID_227__ID_227_00003__ann11__cid29.png,lc_wcabo,lc_wcabo,0.9962847232818604
data\cabinet_dataset\test\lc_wcabo\ID_227__ID_227_00003__ann12__cid29.png,lc_wcabo,lc_wcabo,0.9979566335678101
data\cabinet_dataset\test\lc_wcabo\ID_227__ID_227_00003__ann13__cid29.png,lc_wcabo,lc_wcabo,0.9980411529541016
data\cabinet_dataset\test\lc_wcabo\ID_305__ID_305_00001__ann0__cid29.png,lc_wcabo,lc_wcabo,0.9996161460876465
data\cabinet_dataset\test\lc_wcabo\P0791_PURCHASE_SET__P0791_PURCHASE_SET_00001__ann0__cid29.png,lc_wcabo,lc_wcabo,0.6813856959342957
data\cabinet_dataset\test\lc_wcabo\P0791_PURCHASE_SET__P0791_PURCHASE_SET_00001__ann1__cid29.png,lc_wcabo,lc_wcabo,0.6813856959342957
data\cabinet_dataset\test\lc_wcabo\P0791_PURCHASE_SET__P0791_PURCHASE_SET_00001__ann2__cid29.png,lc_wcabo,lc_wcabo,0.9997215867042542
data\cabinet_dataset\test\lc_wcabo\P0791_PURCHASE_SET__P0791_PURCHASE_SET_00001__ann3__cid29.png,lc_wcabo,lc_wcabo,0.6813856959342957
data\cabinet_dataset\test\lc_wcabo\P0791_PURCHASE_SET__P0791_PURCHASE_SET_00001__ann4__cid29.png,lc_wcabo,lc_wcabo,0.8704440593719482
data\cabinet_dataset\test\lc_wcabo\P0791_PURCHASE_SET__P0791_PURCHASE_SET_00001__ann5__cid29.png,lc_wcabo,lc_wcabo,0.846048891544342
data\cabinet_dataset\test\lc_wcabo\P0791_PURCHASE_SET__P0791_PURCHASE_SET_00001__ann6__cid29.png,lc_wcabo,lc_wcabo,0.8774077892303467
data\cabinet_dataset\test\lc_wcabo\P0791_PURCHASE_SET__P0791_PURCHASE_SET_00001__ann7__cid29.png,lc_wcabo,lc_wcabo,0.8606255650520325
data\cabinet_dataset\test\lc_wcabo\P0791_PURCHASE_SET__P0791_PURCHASE_SET_00001__ann8__cid29.png,lc_wcabo,lc_wcabo,0.9608123898506165
data\cabinet_dataset\test\lc_wcabo\P0791_PURCHASE_SET__P0791_PURCHASE_SET_00001__ann9__cid29.png,lc_wcabo,lc_wcabo,0.7966151833534241
data\cabinet_dataset\test\lc_wcabo\Q0194_-_Arch_Drawings__Q0194_-_Arch_Drawings_00013__ann17__cid29.png,lc_wcabo,lc_wcabo,0.998217761516571
data\cabinet_dataset\test\lc_wcabo\Q0194_-_Arch_Drawings__Q0194_-_Arch_Drawings_00013__ann18__cid29.png,lc_wcabo,lc_wcabo,0.9960952401161194
data\cabinet_dataset\test\lc_wcabo\Q0194_-_Arch_Drawings__Q0194_-_Arch_Drawings_00013__ann19__cid29.png,lc_wcabo,lc_wcabo,0.9999573230743408
data\cabinet_dataset\test\lc_wcabo\Q0194_-_Arch_Drawings__Q0194_-_Arch_Drawings_00013__ann20__cid29.png,lc_wcabo,lc_wcabo,0.999625563621521
data\cabinet_dataset\test\lc_wcabo\Q0194_-_Arch_Drawings__Q0194_-_Arch_Drawings_00013__ann21__cid29.png,lc_wcabo,lc_wcabo,0.9994592070579529
data\cabinet_dataset\test\lc_wcabo\Q0194_-_Arch_Drawings__Q0194_-_Arch_Drawings_00013__ann22__cid29.png,lc_wcabo,lc_wcabo,0.9967703819274902
data\cabinet_dataset\test\lc_wcabo\Q0194_-_Arch_Drawings__Q0194_-_Arch_Drawings_00013__ann36__cid29.png,lc_wcabo,lc_wcabo,0.9999953508377075
data\cabinet_dataset\test\lc_wcabo\Q0194_-_Arch_Drawings__Q0194_-_Arch_Drawings_00013__ann37__cid29.png,lc_wcabo,lc_wcabo,0.9999774694442749
data\cabinet_dataset\test\lc_wcabo\Q0194_-_Arch_Drawings__Q0194_-_Arch_Drawings_00013__ann38__cid29.png,lc_wcabo,lc_wcabo,0.9999949932098389
data\cabinet_dataset\test\lc_wcabo\Q0194_-_Arch_Drawings__Q0194_-_Arch_Drawings_00013__ann39__cid29.png,lc_wcabo,lc_wcabo,0.9999864101409912
data\cabinet_dataset\test\lc_wcabo\Q0194_-_Arch_Drawings__Q0194_-_Arch_Drawings_00013__ann40__cid29.png,lc_wcabo,lc_wcabo,0.9999874830245972
data\cabinet_dataset\test\lc_wcabo\Q0194_-_Arch_Drawings__Q0194_-_Arch_Drawings_00013__ann41__cid29.png,lc_wcabo,lc_wcabo,0.9986924529075623
data\cabinet_dataset\test\lc_wcabo\Q0194_-_Arch_Drawings__Q0194_-_Arch_Drawings_00013__ann6__cid29.png,lc_wcabo,lc_wcabo,0.9997598528862
data\cabinet_dataset\test\lc_wcabo\Q0194_-_Arch_Drawings__Q0194_-_Arch_Drawings_00013__ann7__cid29.png,lc_wcabo,lc_wcabo,0.9997358918190002
data\cabinet_dataset\test\lc_wcabo\Q0194_-_Arch_Drawings__Q0194_-_Arch_Drawings_00013__ann8__cid29.png,lc_wcabo,lc_wcabo,0.9998887777328491
data\cabinet_dataset\test\lc_wcabo\Q0194_-_Arch_Drawings__Q0194_-_Arch_Drawings_00017__ann0__cid29.png,lc_wcabo,lc_wcabo,0.6291478872299194
data\cabinet_dataset\test\lc_wcabo\Q0194_-_Arch_Drawings__Q0194_-_Arch_Drawings_00017__ann1__cid29.png,lc_wcabo,lc_bcabo,0.7996006011962891
data\cabinet_dataset\test\lc_wcabo\Q0194_-_Arch_Drawings__Q0194_-_Arch_Drawings_00017__ann2__cid29.png,lc_wcabo,lc_bcabo,0.8831179141998291
data\cabinet_dataset\test\lc_wcabo\Q0194_-_Arch_Drawings__Q0194_-_Arch_Drawings_00017__ann3__cid29.png,lc_wcabo,lc_wcabo,0.9999306201934814
data\cabinet_dataset\test\lc_wcabo\Q0194_-_Arch_Drawings__Q0194_-_Arch_Drawings_00017__ann4__cid29.png,lc_wcabo,lc_wcabo,0.7565943598747253
data\cabinet_dataset\test\lc_wcabo\Q0194_-_Arch_Drawings__Q0194_-_Arch_Drawings_00017__ann5__cid29.png,lc_wcabo,lc_wcabo,0.9999001026153564
data\cabinet_dataset\test\lc_wcabo\Q0194_-_Arch_Drawings__Q0194_-_Arch_Drawings_00017__ann6__cid29.png,lc_wcabo,lc_bcabo,0.9568564891815186
data\cabinet_dataset\test\lc_wcabo\Q0194_-_Arch_Drawings__Q0194_-_Arch_Drawings_00017__ann7__cid29.png,lc_wcabo,lc_bcabo,0.714154839515686
data\cabinet_dataset\test\lc_wcabo\Q0194_-_Arch_Drawings__Q0194_-_Arch_Drawings_00017__ann8__cid29.png,lc_wcabo,lc_wcabo,0.9999456405639648
data\cabinet_dataset\test\lc_wcabo\Q0422_Purchase_Set__Q0422_Purchase_Set_00001__ann0__cid29.png,lc_wcabo,lc_muscabinso,0.9827160835266113
data\cabinet_dataset\test\lc_wcabo\Q0422_Purchase_Set__Q0422_Purchase_Set_00001__ann10__cid29.png,lc_wcabo,lc_wcabo,0.5205299258232117
data\cabinet_dataset\test\lc_wcabo\Q0422_Purchase_Set__Q0422_Purchase_Set_00001__ann12__cid29.png,lc_wcabo,lc_muscabinso,0.6883233785629272
data\cabinet_dataset\test\lc_wcabo\Q0422_Purchase_Set__Q0422_Purchase_Set_00001__ann13__cid29.png,lc_wcabo,lc_muscabinso,0.8102357983589172
data\cabinet_dataset\test\lc_wcabo\Q0422_Purchase_Set__Q0422_Purchase_Set_00001__ann6__cid29.png,lc_wcabo,lc_wcabo,0.8293878436088562
data\cabinet_dataset\test\lc_wcabo\Q0422_Purchase_Set__Q0422_Purchase_Set_00001__ann7__cid29.png,lc_wcabo,lc_wcabo,0.9017019271850586
data\cabinet_dataset\test\lc_wcabo\Q0422_Purchase_Set__Q0422_Purchase_Set_00001__ann8__cid29.png,lc_wcabo,lc_wcabo,0.5124718546867371
data\cabinet_dataset\test\lc_wcabo\Q0422_Purchase_Set__Q0422_Purchase_Set_00001__ann9__cid29.png,lc_wcabo,lc_wcabo,0.7971863150596619
data\cabinet_dataset\test\lc_wcabo\R0029_contract_set__R0029_contract_set_00000__ann0__cid29.png,lc_wcabo,lc_bcabo,0.6729077696800232
data\cabinet_dataset\test\lc_wcabo\R0090_Purchase_Set__R0090_Purchase_Set_00008__ann0__cid29.png,lc_wcabo,lc_wcabo,0.8308290243148804
data\cabinet_dataset\test\lc_wcabo\R0090_Purchase_Set__R0090_Purchase_Set_00008__ann1__cid29.png,lc_wcabo,lc_wcabo,0.6421705484390259
data\cabinet_dataset\test\lc_wcabo\R0090_Purchase_Set__R0090_Purchase_Set_00008__ann2__cid29.png,lc_wcabo,lc_wcabo,0.6159526705741882
data\cabinet_dataset\test\lc_wcabo\R0090_Purchase_Set__R0090_Purchase_Set_00008__ann3__cid29.png,lc_wcabo,lc_wcabcub,0.9295902252197266
data\cabinet_dataset\test\lc_wcabo\R0090_Purchase_Set__R0090_Purchase_Set_00008__ann4__cid29.png,lc_wcabo,lc_wcabo,0.9801191091537476
data\cabinet_dataset\test\lc_wcabo\R0090_Purchase_Set__R0090_Purchase_Set_00008__ann5__cid29.png,lc_wcabo,lc_wcabo,0.9548705220222473
data\cabinet_dataset\test\lc_wcabo\R0212_Purchase_set__R0212_Purchase_set_00001__ann3__cid29.png,lc_wcabo,lc_wcabo,0.995729386806488
data\cabinet_dataset\test\lc_wcabo\R0212_Purchase_set__R0212_Purchase_set_00001__ann4__cid29.png,lc_wcabo,lc_wcabo,0.9969022274017334
data\cabinet_dataset\test\lc_wcabo\R0213__R0213_00004__ann0__cid29.png,lc_wcabo,lc_wcabo,0.9455170035362244
data\cabinet_dataset\test\lc_wcabo\R0213__R0213_00004__ann1__cid29.png,lc_wcabo,lc_wcabo,0.904889702796936
data\cabinet_dataset\test\lc_wcabo\R0213__R0213_00007__ann0__cid29.png,lc_wcabo,lc_wcabo,0.864710807800293
data\cabinet_dataset\test\lc_wcabo\R0213__R0213_00007__ann1__cid29.png,lc_wcabo,lc_wcabo,0.6984264254570007
data\cabinet_dataset\test\lc_wcabo\R0326_-_DFS_OCME_Lab__R0326_-_DFS_OCME_Lab_00008__ann0__cid29.png,lc_wcabo,lc_wcabo,0.9999723434448242
data\cabinet_dataset\test\lc_wcabo\R0326_-_DFS_OCME_Lab__R0326_-_DFS_OCME_Lab_00008__ann1__cid29.png,lc_wcabo,lc_wcabo,0.9999586343765259
